{"cameraMode":{"drawMode":0,"name":"Shaded","section":"Shading Mode"},"sceneLighting":true,"audioPlay":false,"sceneViewState":{"showFog":true,"showMaterialUpdate":true,"showSkybox":true,"showFlares":true,"showImageEffects":true,"showParticleSystems":true},"in2DMode":false,"pivot":{"x":132.37310791015626,"y":134.49998474121095,"z":-5.7710862159729},"rotation":{"x":-0.05975671485066414,"y":0.024052154272794725,"z":-0.001440289313904941,"w":-0.9979221224784851},"size":531.983642578125,"orthographic":false}